{
  "data": {
    "personal_category_calculation": {
      "created_at": "2023-08-08T12:39:16.437924",
      "candidate_id": "63e4dc4f-1eed-43ea-a0d9-27fb694d11d5",
      "id": "0dd7ef65-79c3-448a-8467-e98402e51255",
      "personal_calculation": {
        "personal_scores": [
          {
            "hml_score": "Medium",
            "raw_score": 41,
            "category_id": "1492badb-3aeb-4733-8edb-fc74bdd5615f",
            "index_score": 65,
            "summary_text": "Your responses suggest that you display many agile behaviours. However this might still be an area to continue to develop. You have a mild tendency to lean on ‘tried and tested’ methods possibly at the expensive of taking the time to consider what improvements might be available. You could be bolder in your appetite for testing a new idea, even if it doesn’t work perfectly the first time.",
            "development_text": "Could you do more to develop and expand your network to facilitate new ideation? Is there a new project where you might be able to take a calculated risk to see if you can improve the outcome? Can you test the way you analyse new data with others to check that you are able to be objective about current performance levels?",
            "team_overall_text": "Team Score: Medium Headroom for Improvement",
            "team_relative_text": "A collective, team approach to development in this area may also of benefit as there is some headroom to improve",
            "team_overall_position": "Medium",
            "team_relative_position": "Medium",
            "category_name": "Agility"
          },
          {
            "hml_score": "Medium",
            "raw_score": 31,
            "category_id": "d329cb5d-d418-4e8f-b826-9d24e36c056d",
            "index_score": 55,
            "summary_text": "Your responses show that you have a balanced attitude to failure. You understand the need to frame failure as a learning opportunity but there can be occasions where you find that difficult. You may still shy away from asking for help because you are fearful of exposing the gaps in your knowledge. It is important to recognise instances where a potential fear of failure may be a blocker to trying something new.",
            "development_text": "What are your 3 biggest failures or mistakes? What did you learn? Where you have been able to learn from mistakes in the past, can you adopt that mindset and apply it to a recent failure? Can you point to your past failures and draw the learnings to show others how to adopt a more positive attitude to failure? ",
            "team_overall_text": "Team Score: Medium Headroom for Improvement",
            "team_relative_text": "A collective, team approach to development in this area may also of benefit as there is some headroom to improve",
            "team_overall_position": "Medium",
            "team_relative_position": "Medium",
            "category_name": "Attitude to Failure"
          },
          {
            "hml_score": "Medium",
            "raw_score": 26,
            "category_id": "77bbe06a-e270-4f4f-ab15-025498391c91",
            "index_score": 53,
            "summary_text": "You seem to have a reasonable understanding of the balance between complexity and the need for and accountability. You understand the need to review the underlying systems to see if there are changes that could be made to prevent the same mistakes occurring again. However, it is important to remain mindful of the unintended consequences of a blame culture and ensure that the relative ease of finding someone to hang the blame on does not override a systemic review.",
            "development_text": "When was the last time you found feel you blamed someone too quickly for a mistake? Did you also look underneath at the processes in place? Do they remain? Could the same mistake happen again? Are there ways that you could use data to better understand the complexity within your environment?",
            "team_overall_text": "Team Score: Medium Headroom for Improvement",
            "team_relative_text": "A collective, team approach to development in this area may also of benefit as there is some headroom to improve",
            "team_overall_position": "Medium",
            "team_relative_position": "Medium",
            "category_name": "Blame"
          },
          {
            "hml_score": "Medium",
            "raw_score": 31,
            "category_id": "dd877173-8b19-4ef6-b9a2-008223546025",
            "index_score": 55,
            "summary_text": "Your responses indicate good engagement with others around you but there is room to foster even better collaboration. Effective information flow up, down and across an organisation is crucial to identifying potential opportunities for improvement. Without the information and data it is difficult to know where potential improvements lie. Breaking down individual silos, reducing hierarchy and  fostering collaboration are essential factors in a culture of continous improvement.",
            "development_text": "Is your team performing to its maximum potential? Do you feel like you have the airtime to get your views and ideas across? If not, what could help with that? Are there opportunities for knowledge sharing that could be better exploited? Are you concerned about sharing knowledge in case other take credit? What could you do to alleviate those concerns? Do you think that you have effective interaction with those more senior and those more junior to you?",
            "team_overall_text": "Team Score: Medium Headroom for Improvement",
            "team_relative_text": "A collective, team approach to development in this area may also of benefit as there is some headroom to improve",
            "team_overall_position": "Medium",
            "team_relative_position": "Medium",
            "category_name": "Collaboration"
          },
          {
            "hml_score": "Medium",
            "raw_score": 43,
            "category_id": "fa34e5d3-5dd5-43bd-846c-7a6e02d62fa5",
            "index_score": 68,
            "summary_text": "Your responses would indicate a good level of curiosity. You have an interest in external ideas and fresh perspective but sometimes have a tendency to focus on the status-quo rather than look outside for more innovative solutions. You are aware of the need for self-reflection and iteration in driving performance improvements. Making time for this sometimes can be difficult.",
            "development_text": "Are you making the most of your network to share new ideas and improvement opportunities? What new ideas have you adopted recently? How have they improved performance? Can you point to areas of your work or personal life where you actively look to iterate your performance?",
            "team_overall_text": "Team Score: Medium Headroom for Improvement",
            "team_relative_text": "Based on the team score (Medium) can you share some of your individual thinking and strenghts in this area with others? The team has headroom to improve",
            "team_overall_position": "Medium",
            "team_relative_position": "High",
            "category_name": "Curiosity"
          },
          {
            "hml_score": "Low",
            "raw_score": 22,
            "category_id": "4113bab3-29e9-440e-8821-175ef5daf827",
            "index_score": 45,
            "summary_text": "Your responses indicate that you may have a fixed view of how success and high performance happens. You may have a tendency to view success or achievement as something that happens to ‘talented’ individuals or people blessed with an innate set of gifts. You are not convinced that you can that you can materially change your abilities or the abilities of others with practice, effort and determination. This view of achievement is very common but it can affect what you are willing to strive for. It can lead to a lack of motivation for trying new tasks for coming out of your comfort zone. Importantly, it can also affect your view of the potential others (maybe in your team, your colleagues, your family) might have for improvement.",
            "development_text": "Do you have a tendency to believe that there are things that 'I am just no good at'? Why is that? Has there been a narrative from your past which fuels this thinking? Is it right? What do you have a fixed mindset about? What could strategies could you try to change that thinking?",
            "team_overall_text": "Team Score: Low: Area for Development",
            "team_relative_text": "As a team, can you consider a collective approach to development in this area?",
            "team_overall_position": "Low",
            "team_relative_position": "Low",
            "category_name": "Fixed Beliefs"
          },
          {
            "hml_score": "Low",
            "raw_score": 18,
            "category_id": "ed6ce9c7-90c0-42d0-b8e3-543b1aab832b",
            "index_score": 43,
            "summary_text": "From your responses, it would seem that this is an area for development. You have a preference to do things that you know you can already do well. You can feel reluctant to challenge yourself with tasks you might find difficult. And you may have a tendency to avoid doing something which you will find challenging for as long as possible.",
            "development_text": "Mindset and the desire to tackle difficult tasks can be changed if we reframe our beliefs about how success happens. Once we conceptualise successs as a journey (as oppose to comething that should come naturally) it makes sense to persevere towards achieving our goals.1.      Are there areas of your personal or work life where you do enjoy challenging yourself? What can you learn from your mindset in relation to these activities that you could apply to other tasks?2. Do you feel that your colleagues or team provide opportunities for you to take on new challenges?3. Can you think of an activity which you currently find daunting and seek to find a strategy to practice that?4. Think of successful individuals you admire. Can you identify why they are successful and be objective about the effort they have invested to order to achieve?",
            "team_overall_text": "Team Score: Low: Area for Development",
            "team_relative_text": "As a team, can you consider a collective approach to development in this area?",
            "team_overall_position": "Low",
            "team_relative_position": "Low",
            "category_name": "Growth"
          },
          {
            "hml_score": "Low",
            "raw_score": 27,
            "category_id": "83402ef1-7e83-4915-851b-eb7e9c2ba260",
            "index_score": 48,
            "summary_text": "Status and reputation appear to be important to you. Your responses suggest that you can find it difficult when someone else challenges your thinking or a decision you have taken. Rather than considering the learning opportunity that this challenge may present you may have a tendency to disregard it. Valuable insight and opportunity for improvement maybe lost as a result.",
            "development_text": "Do you give others the opportunity to suggest new ideas, especially if you consider them to be less expert than you? Are you continuing with a sub-optimal status quo rather than seek ideas for improvement? Is this limiting your ability to change your behaviours and iterate your thinking? Do your colleagues feel fearful of challenging a decision you take?",
            "team_overall_text": "Team Score: Low: Area for Development",
            "team_relative_text": "As a team, can you consider a collective approach to development in this area?",
            "team_overall_position": "Low",
            "team_relative_position": "Low",
            "category_name": "Humility"
          },
          {
            "hml_score": "Medium",
            "raw_score": 43,
            "category_id": "6d6e7107-8cc0-4729-8e73-820191d1584f",
            "index_score": 56,
            "summary_text": "Your responses show that you have a balanced attitude to failure. You understand the need to frame failure as a learning opportunity but there can be occasions where you find that difficult. You may still shy away from asking for help because you are fearful of exposing the gaps in your knowledge. It is important to recognise instances where a potential fear of failure may be a blocker to trying something new.",
            "development_text": "In a safe environment can you practice regular 'tough conversations' where you have to hear and embrace critical feedback? If you review your recent set-backs can you see the learning opportunities? Can you build on these?Are there examples of mistakes you made and tried to self-justify? Can you be honest about what could have been done differently?",
            "team_overall_text": "Team Score: Medium Headroom for Improvement",
            "team_relative_text": "Based on your score (Low) can you learn from others in your team. A collective approach to development in this area may also be of benefit",
            "team_overall_position": "Medium",
            "team_relative_position": "Low",
            "category_name": "Resilience"
          }
        ],
        "company_strength": [
          {
            "company_category_id": "7b0b33a5-e1ee-489a-a103-6d34ccc4b345",
            "company_strength_answer": 7,
            "company_strength_question_id": "96a088ed-0b42-474b-85ac-8570950e76fe"
          },
          {
            "company_category_id": "a2eae189-a498-44c0-8b9b-307523eeb6b8",
            "company_strength_answer": 7,
            "company_strength_question_id": "33738d1b-cc23-4828-b287-4500d66a5621"
          },
          {
            "company_category_id": "a25b0133-0c09-496f-a37e-a4b14b7b0d6c",
            "company_strength_answer": 7,
            "company_strength_question_id": "b64d7d76-db30-4be2-b51d-71bfb600ad0a"
          },
          {
            "company_category_id": "a2eae189-a498-44c0-8b9b-307523eeb6b8",
            "company_strength_answer": 7,
            "company_strength_question_id": "75405bfa-4a09-427e-8478-b6d4fdf5415e"
          },
          {
            "company_category_id": "a25b0133-0c09-496f-a37e-a4b14b7b0d6c",
            "company_strength_answer": 5,
            "company_strength_question_id": "8ad55e90-43e4-43f2-929e-8f0bb157a7ae"
          }
        ],
        "company_weakness": [
          {
            "company_category_id": "d22c6bcd-b602-494c-af4a-80c1cdb1d051",
            "company_weakness_answer": 1,
            "company_weakness_question_id": "e044b21f-5296-4b70-987c-33e2feb8873b"
          },
          {
            "company_category_id": "d22c6bcd-b602-494c-af4a-80c1cdb1d051",
            "company_weakness_answer": 1,
            "company_weakness_question_id": "37bdf6cc-8e7f-4081-8f20-eccb3ef12dc2"
          },
          {
            "company_category_id": "7fc697f4-d727-4be6-9993-1dff16b5d1f6",
            "company_weakness_answer": 3,
            "company_weakness_question_id": "7b132169-50e3-4ab5-acb9-7a5d2076aa04"
          },
          {
            "company_category_id": "a25b0133-0c09-496f-a37e-a4b14b7b0d6c",
            "company_weakness_answer": 3,
            "company_weakness_question_id": "f4964e9c-74c1-40ed-a1a5-78c8e1baaf5e"
          },
          {
            "company_category_id": "7fc697f4-d727-4be6-9993-1dff16b5d1f6",
            "company_weakness_answer": 3,
            "company_weakness_question_id": "57385b0e-cc97-4263-b0fc-e331da66241e"
          }
        ],
        "personal_strength": [
          {
            "category_id": "83402ef1-7e83-4915-851b-eb7e9c2ba260",
            "strength_answer": 7,
            "strength_question_id": "83443082-e006-4154-9966-68539904df90"
          },
          {
            "category_id": "4113bab3-29e9-440e-8821-175ef5daf827",
            "strength_answer": 7,
            "strength_question_id": "64c50336-6a35-43f1-af09-ea86d38f6301"
          },
          {
            "category_id": "6d6e7107-8cc0-4729-8e73-820191d1584f",
            "strength_answer": 7,
            "strength_question_id": "f2f84cdb-93fa-4dec-8e05-d119490b59a7"
          },
          {
            "category_id": "ed6ce9c7-90c0-42d0-b8e3-543b1aab832b",
            "strength_answer": 7,
            "strength_question_id": "56ae77f3-d6cd-4fb3-be7f-9801c4d215f0"
          },
          {
            "category_id": "6d6e7107-8cc0-4729-8e73-820191d1584f",
            "strength_answer": 7,
            "strength_question_id": "e11c19fb-d62c-474a-994f-68e832cc1b14"
          }
        ],
        "personal_weakness": [
          {
            "category_id": "1492badb-3aeb-4733-8edb-fc74bdd5615f",
            "weakness_answer": 1,
            "weakness_question_id": "dfbdce14-eff0-4d31-8ac1-72ba60e66c69"
          },
          {
            "category_id": "1492badb-3aeb-4733-8edb-fc74bdd5615f",
            "weakness_answer": 1,
            "weakness_question_id": "07a19fe5-502d-46b1-8f51-9f193da52fe7"
          },
          {
            "category_id": "d329cb5d-d418-4e8f-b826-9d24e36c056d",
            "weakness_answer": 1,
            "weakness_question_id": "042064ca-85e9-4ebf-8188-1ba77c46eb10"
          },
          {
            "category_id": "fa34e5d3-5dd5-43bd-846c-7a6e02d62fa5",
            "weakness_answer": 2,
            "weakness_question_id": "6a0c21c3-d97c-4153-aca9-fd1b2e8995fc"
          },
          {
            "category_id": "6d6e7107-8cc0-4729-8e73-820191d1584f",
            "weakness_answer": 2,
            "weakness_question_id": "1618276c-ffbf-43bd-a670-d0285c62ecd4"
          }
        ]
      },
      "updated_at": "2023-08-08T12:39:16.437924"
    }
  },
  "message": "Success",
  "details": "Successfully retrieved candidate personal category calculation."
}