{
  "data": {
    "personal_category_calculation": {
      "candidate_id": "808a58ab-acec-44bc-a9f2-b4072199898a",
      "created_at": "2023-08-08T12:03:04.878062",
      "id": "1c4d5fb9-8ab2-42b3-8795-3f9950883967",
      "personal_calculation": {
        "personal_scores": [
          {
            "hml_score": "Medium",
            "raw_score": 36,
            "category_id": "1492badb-3aeb-4733-8edb-fc74bdd5615f",
            "index_score": 57,
            "summary_text": "Your responses suggest that you display many agile behaviours. However this might still be an area to continue to develop. You have a mild tendency to lean on ‘tried and tested’ methods possibly at the expensive of taking the time to consider what improvements might be available. You could be bolder in your appetite for testing a new idea, even if it doesn’t work perfectly the first time.",
            "development_text": "Could you do more to develop and expand your network to facilitate new ideation? Is there a new project where you might be able to take a calculated risk to see if you can improve the outcome? Can you test the way you analyse new data with others to check that you are able to be objective about current performance levels?",
            "team_overall_text": "Team Score: Medium Headroom for Improvement",
            "team_relative_text": "Based on your score (Low) can you learn from others in your team. A collective approach to development in this area may also be of benefit",
            "team_overall_position": "Medium",
            "team_relative_position": "Low",
            "category_name": "Agility"
          },
          {
            "hml_score": "Medium",
            "raw_score": 28,
            "category_id": "d329cb5d-d418-4e8f-b826-9d24e36c056d",
            "index_score": 50,
            "summary_text": "Your responses show that you have a balanced attitude to failure. You understand the need to frame failure as a learning opportunity but there can be occasions where you find that difficult. You may still shy away from asking for help because you are fearful of exposing the gaps in your knowledge. It is important to recognise instances where a potential fear of failure may be a blocker to trying something new.",
            "development_text": "What are your 3 biggest failures or mistakes? What did you learn? Where you have been able to learn from mistakes in the past, can you adopt that mindset and apply it to a recent failure? Can you point to your past failures and draw the learnings to show others how to adopt a more positive attitude to failure? ",
            "team_overall_text": "Team Score: Medium Headroom for Improvement",
            "team_relative_text": "Based on your score (Low) can you learn from others in your team. A collective approach to development in this area may also be of benefit",
            "team_overall_position": "Medium",
            "team_relative_position": "Low",
            "category_name": "Attitude to Failure"
          },
          {
            "hml_score": "Medium",
            "raw_score": 32,
            "category_id": "77bbe06a-e270-4f4f-ab15-025498391c91",
            "index_score": 65,
            "summary_text": "You seem to have a reasonable understanding of the balance between complexity and the need for and accountability. You understand the need to review the underlying systems to see if there are changes that could be made to prevent the same mistakes occurring again. However, it is important to remain mindful of the unintended consequences of a blame culture and ensure that the relative ease of finding someone to hang the blame on does not override a systemic review.",
            "development_text": "When was the last time you found feel you blamed someone too quickly for a mistake? Did you also look underneath at the processes in place? Do they remain? Could the same mistake happen again? Are there ways that you could use data to better understand the complexity within your environment?",
            "team_overall_text": "Team Score: Medium Headroom for Improvement",
            "team_relative_text": "Based on your score (Low) can you learn from others in your team. A collective approach to development in this area may also be of benefit",
            "team_overall_position": "Medium",
            "team_relative_position": "Low",
            "category_name": "Blame"
          },
          {
            "hml_score": "Low",
            "raw_score": 17,
            "category_id": "dd877173-8b19-4ef6-b9a2-008223546025",
            "index_score": 30,
            "summary_text": "Your responses indicate that you could further develop your engagement with others in order to foster better collaboration. Effective information flow up, down and across teams or organisations is crucial to identifying potential opportunities for improvement. Without the information and data it is difficult to know where potential improvements lie. Breaking down individual silos, reducing hierarchy and  fostering collaboration are essential factors in a culture of continous improvement.",
            "development_text": "Is your team performing to its maximum potential? Do you feel like you have the airtime to get your views and ideas across? If not, what could help with that? Are there opportunities for knowledge sharing that could be better exploited? Are you concerned about sharing knowledge in case other take credit? What could you do to alleviate those concerns? Do you think that you have effective interaction with those more senior and those more junior to you?",
            "team_overall_text": "Team Score: Low: Area for Development",
            "team_relative_text": "As a team, can you consider a collective approach to development in this area?",
            "team_overall_position": "Low",
            "team_relative_position": "Low",
            "category_name": "Collaboration"
          },
          {
            "hml_score": "Low",
            "raw_score": 27,
            "category_id": "fa34e5d3-5dd5-43bd-846c-7a6e02d62fa5",
            "index_score": 43,
            "summary_text": "Your responses suggest that curiosity is an area for you to develop. Others would not tend to describe you as curious and connecting ideas is not always a strength. You have a tendency to maintain focus on prescribed tasks potentially at the expense of seeking out fresh ideas from outside your immediate circle. It may be possible to consider new opportunities for continuous improvements is not a key focus.",
            "development_text": "Can you think of some recent fresh thinking you have found interesting? Were you able to connect that to other issues you might be facing – at work or personally? Are you able to take time to reflect on your performance? Examining the small tweaks that could have improved the outcome? Can you challenge yourself to try something new in the next 90 days?",
            "team_overall_text": "Team Score: Low: Area for Development",
            "team_relative_text": "Based on the team score (Low) can you share some of your individual thinking and strengths in this area with others?",
            "team_overall_position": "Low",
            "team_relative_position": "High",
            "category_name": "Curiosity"
          },
          {
            "hml_score": "High",
            "raw_score": 41,
            "category_id": "4113bab3-29e9-440e-8821-175ef5daf827",
            "index_score": 84,
            "summary_text": "You are someone who believes in the power of the individual to transform their abilities through effort, determination and purposeful practice. As a result, you are likely to be someone who is willing push yourself beyond your comfort in the belief that this can change your ability. You are also likely to believe in the potential others (in your team, or in your family) have the potential to improve their skill sets. However, it is important to remember that high performance also requires individuals to have the opportunity for purposeful practice. Are you able to provide that opportunity for those around you?",
            "development_text": "What are the new challenges you would like to take on? Do you have the opportunity to improve the skills needed for these? Are you able to provide the opportunities that others need in order to come out of their comfort zone? Are you confident to confront fixed thinking in others? Are you able to challenge fixed mindset language when you hear others use it?",
            "team_overall_text": "Team Score: High - Could you share you knowledge with others?",
            "team_relative_text": "Based on your score (Low) can you learn from others in your team. It seems that others in you team are strong in this area and as such you may be able to share in some of their thinking?",
            "team_overall_position": "High",
            "team_relative_position": "Low",
            "category_name": "Fixed Beliefs"
          },
          {
            "hml_score": "High",
            "raw_score": 34,
            "category_id": "ed6ce9c7-90c0-42d0-b8e3-543b1aab832b",
            "index_score": 81,
            "summary_text": "This is an area of strength. You are not afraid to embrace a difficult challenge and do not shy away from things that may be difficult. You can see the merit in purposeful practice and applying this mindset to any new issues facing you is likely to result in continuous improvement in performance.",
            "development_text": "Mindset and the desire to tackle difficult tasks can be changed if we reframe our beliefs about how success happens. Once we conceptualise successs as a journey (as oppose to comething that should come naturally) it makes sense to persevere towards achieving our goals.1. Are you able to create a fail-safe environment where others around you can feel confident to try new and difficult challenges?2. Through your experience what can you do to encourage others whose mindset is less strong than yours?3. Are there any areas where you think you could strenghten your growth mindset?",
            "team_overall_text": "Team Score: High - Could you share you knowledge with others?",
            "team_relative_text": "A great result. Your score is high and you are in a high scoring team. There is always room for improvement. Can you look to things that could be even better? And can you share you thinking with others?",
            "team_overall_position": "High",
            "team_relative_position": "High",
            "category_name": "Growth"
          },
          {
            "hml_score": "Medium",
            "raw_score": 34,
            "category_id": "83402ef1-7e83-4915-851b-eb7e9c2ba260",
            "index_score": 61,
            "summary_text": "While it would seem that you are sometimes open to challenge and the ideas of others this is a developmental area to be mindful of. Status and reputation appear to be somewhat important to you. There may be situations where you feel that critical feedback is a threat to your reputation and expertise. It is important to maintain the ability to see such feedback as an opportunity to learn and iterate to better performance.",
            "development_text": "Do you actively seek out the opinions of others to test the gaps in your knowledge? How do respond when it becomes clear that critical feedback points to a need to change behaviour? Do you have a tendency to self-justify? If you consider that someone is less expert than you, do you still encourage them to share their ideas with you?",
            "team_overall_text": "Team Score: Medium Headroom for Improvement",
            "team_relative_text": "Based on your score (Low) can you learn from others in your team. A collective approach to development in this area may also be of benefit",
            "team_overall_position": "Medium",
            "team_relative_position": "Low",
            "category_name": "Humility"
          },
          {
            "hml_score": "Medium",
            "raw_score": 51,
            "category_id": "6d6e7107-8cc0-4729-8e73-820191d1584f",
            "index_score": 66,
            "summary_text": "Your responses show that you have a balanced attitude to failure. You understand the need to frame failure as a learning opportunity but there can be occasions where you find that difficult. You may still shy away from asking for help because you are fearful of exposing the gaps in your knowledge. It is important to recognise instances where a potential fear of failure may be a blocker to trying something new.",
            "development_text": "In a safe environment can you practice regular 'tough conversations' where you have to hear and embrace critical feedback? If you review your recent set-backs can you see the learning opportunities? Can you build on these?Are there examples of mistakes you made and tried to self-justify? Can you be honest about what could have been done differently?",
            "team_overall_text": "Team Score: Medium Headroom for Improvement",
            "team_relative_text": "Based on your score (Low) can you learn from others in your team. A collective approach to development in this area may also be of benefit",
            "team_overall_position": "Medium",
            "team_relative_position": "Low",
            "category_name": "Resilience"
          }
        ],
        "company_strength": [
          {
            "company_category_id": "894ed375-6ded-425c-958c-ea6bca5203a5",
            "company_strength_answer": 7,
            "company_strength_question_id": "e8331f90-2714-4798-8774-65df43fb8333"
          },
          {
            "company_category_id": "7fc697f4-d727-4be6-9993-1dff16b5d1f6",
            "company_strength_answer": 7,
            "company_strength_question_id": "57385b0e-cc97-4263-b0fc-e331da66241e"
          },
          {
            "company_category_id": "a2eae189-a498-44c0-8b9b-307523eeb6b8",
            "company_strength_answer": 5,
            "company_strength_question_id": "cd39d05d-2b78-4b23-b662-417d4e04d85b"
          },
          {
            "company_category_id": "a25b0133-0c09-496f-a37e-a4b14b7b0d6c",
            "company_strength_answer": 5,
            "company_strength_question_id": "a97f866e-e13a-45ac-bf9c-dfe922b7635f"
          },
          {
            "company_category_id": "a25b0133-0c09-496f-a37e-a4b14b7b0d6c",
            "company_strength_answer": 5,
            "company_strength_question_id": "b64d7d76-db30-4be2-b51d-71bfb600ad0a"
          }
        ],
        "company_weakness": [
          {
            "company_category_id": "894ed375-6ded-425c-958c-ea6bca5203a5",
            "company_weakness_answer": 1,
            "company_weakness_question_id": "ccc6ee99-b108-4de4-a416-0dfc748b5fba"
          },
          {
            "company_category_id": "894ed375-6ded-425c-958c-ea6bca5203a5",
            "company_weakness_answer": 1,
            "company_weakness_question_id": "afdc216f-449c-4264-9adc-ce744e86127a"
          },
          {
            "company_category_id": "a2eae189-a498-44c0-8b9b-307523eeb6b8",
            "company_weakness_answer": 1,
            "company_weakness_question_id": "75405bfa-4a09-427e-8478-b6d4fdf5415e"
          },
          {
            "company_category_id": "7b0b33a5-e1ee-489a-a103-6d34ccc4b345",
            "company_weakness_answer": 1,
            "company_weakness_question_id": "a8bb2bd3-83e9-46ec-9678-83a58e70dc0f"
          },
          {
            "company_category_id": "894ed375-6ded-425c-958c-ea6bca5203a5",
            "company_weakness_answer": 1,
            "company_weakness_question_id": "17276861-97ba-4c1a-9885-742a9407858f"
          }
        ],
        "personal_strength": [
          {
            "category_id": "dd877173-8b19-4ef6-b9a2-008223546025",
            "strength_answer": 7,
            "strength_question_id": "4a9bd41b-8600-47dd-80a8-0338d3985a8b"
          },
          {
            "category_id": "d329cb5d-d418-4e8f-b826-9d24e36c056d",
            "strength_answer": 7,
            "strength_question_id": "042064ca-85e9-4ebf-8188-1ba77c46eb10"
          },
          {
            "category_id": "1492badb-3aeb-4733-8edb-fc74bdd5615f",
            "strength_answer": 7,
            "strength_question_id": "13aaf804-9eb0-4b5d-8dd4-4c21fc24c450"
          },
          {
            "category_id": "6d6e7107-8cc0-4729-8e73-820191d1584f",
            "strength_answer": 7,
            "strength_question_id": "f2f84cdb-93fa-4dec-8e05-d119490b59a7"
          },
          {
            "category_id": "83402ef1-7e83-4915-851b-eb7e9c2ba260",
            "strength_answer": 7,
            "strength_question_id": "36e1dc34-fd72-4cb6-b9da-5250b05effd6"
          }
        ],
        "personal_weakness": [
          {
            "category_id": "4113bab3-29e9-440e-8821-175ef5daf827",
            "weakness_answer": 1,
            "weakness_question_id": "5ff89b3f-2d90-4de1-a45c-f73a64f68b41"
          },
          {
            "category_id": "83402ef1-7e83-4915-851b-eb7e9c2ba260",
            "weakness_answer": 1,
            "weakness_question_id": "941b08d8-3f67-42fd-afed-c9f90b03d644"
          },
          {
            "category_id": "83402ef1-7e83-4915-851b-eb7e9c2ba260",
            "weakness_answer": 1,
            "weakness_question_id": "8698dd40-b74f-4334-9e14-e2741d7466fc"
          },
          {
            "category_id": "1492badb-3aeb-4733-8edb-fc74bdd5615f",
            "weakness_answer": 1,
            "weakness_question_id": "ca2de047-5cef-4684-ae21-ad8fb0d2be45"
          },
          {
            "category_id": "d329cb5d-d418-4e8f-b826-9d24e36c056d",
            "weakness_answer": 1,
            "weakness_question_id": "379cf3c0-88d1-4f3e-af05-2ac6e6db40cf"
          }
        ]
      },
      "updated_at": "2023-08-08T12:03:04.878062"
    }
  },
  "message": "Success",
  "details": "Successfully retrieved candidate personal category calculation."
}