{
  "data": {
    "personal_category_calculation": {
      "candidate_id": "d81089f1-d592-4c15-a7a5-86c4550b6999",
      "created_at": "2023-08-08T12:05:02.013023",
      "id": "19d48de3-c605-4ab4-8c7a-5d04d597c8ec",
      "personal_calculation": {
        "personal_scores": [
          {
            "hml_score": "Low",
            "raw_score": 31,
            "category_id": "1492badb-3aeb-4733-8edb-fc74bdd5615f",
            "index_score": 49,
            "summary_text": "Your responses suggest that this is an area for you to develop. You have the potential to place a great deal of weight on performing tasks in the same way as you have always done. Whilst this might be valid, it is important to also explore and be open to the possibility that there may new and improved methods out there. You have a tendency to prefer the certainty of existing methods and would rather not risk failures by adopting a new approach that hadn’t been tried and tested.",
            "development_text": "Are you able to make time to consider what performance improvements might be possible? Experience is important, but could you consider collecting new data that might suggest better methods? Is there a new project where you might be able to take a calculated risk to see if you can improve the outcome?",
            "team_overall_text": "Team Score: Low: Area for Development",
            "team_relative_text": "As a team, can you consider a collective approach to development in this area?",
            "team_overall_position": "Low",
            "team_relative_position": "Low",
            "category_name": "Agility"
          },
          {
            "hml_score": "Low",
            "raw_score": 26,
            "category_id": "d329cb5d-d418-4e8f-b826-9d24e36c056d",
            "index_score": 46,
            "summary_text": "Your responses indicate that you may be overly fearful of failure. You have a tendency to shy away from trying things where you might not succeed first time. You are concerned about making mistakes in case that causes others to draw inferences about your ability. Your fear of failure has the potential to prevent you taking on new challenges and volunteering to come out of your comfort zone.",
            "development_text": "Can you think of a past failure and consider how you moved forward and what you learnt? Can you find the confidence to admit to an area of weakness in your current role? What can you do to improve and close the gaps? Can you try something new, something where you know you will not be perfect first time? ",
            "team_overall_text": "Team Score: Low: Area for Development",
            "team_relative_text": "As a team, can you consider a collective approach to development in this area?",
            "team_overall_position": "Low",
            "team_relative_position": "Low",
            "category_name": "Attitude to Failure"
          },
          {
            "hml_score": "Low",
            "raw_score": 23,
            "category_id": "77bbe06a-e270-4f4f-ab15-025498391c91",
            "index_score": 47,
            "summary_text": "This area is one that you may look to develop. Your responses indicate that you can have a tendency to seek a simple cause for what could be a more complex issue. This may come at the expense of looking at the broader context and consideration of secondary systemic factors and may mean you tend to seek out someone to blame. As a result there could be a lost opportunity for review and improvement of underlying systems which could ensure that the same mistakes do not occur again.",
            "development_text": "When was the last time you considered blaming for a mistake or a failure? Did you also look underneath at the processes in place? Do they remain? Could the same mistake happen again? Are there ways that you could use data to better understand the complexity within your environment?",
            "team_overall_text": "Team Score: Low: Area for Development",
            "team_relative_text": "As a team, can you consider a collective approach to development in this area?",
            "team_overall_position": "Low",
            "team_relative_position": "Low",
            "category_name": "Blame"
          },
          {
            "hml_score": "Medium",
            "raw_score": 35,
            "category_id": "dd877173-8b19-4ef6-b9a2-008223546025",
            "index_score": 62,
            "summary_text": "Your responses indicate good engagement with others around you but there is room to foster even better collaboration. Effective information flow up, down and across an organisation is crucial to identifying potential opportunities for improvement. Without the information and data it is difficult to know where potential improvements lie. Breaking down individual silos, reducing hierarchy and  fostering collaboration are essential factors in a culture of continous improvement.",
            "development_text": "Is your team performing to its maximum potential? Do you feel like you have the airtime to get your views and ideas across? If not, what could help with that? Are there opportunities for knowledge sharing that could be better exploited? Are you concerned about sharing knowledge in case other take credit? What could you do to alleviate those concerns? Do you think that you have effective interaction with those more senior and those more junior to you?",
            "team_overall_text": "Team Score: Medium Headroom for Improvement",
            "team_relative_text": "A collective, team approach to development in this area may also of benefit as there is some headroom to improve",
            "team_overall_position": "Medium",
            "team_relative_position": "Medium",
            "category_name": "Collaboration"
          },
          {
            "hml_score": "Medium",
            "raw_score": 34,
            "category_id": "fa34e5d3-5dd5-43bd-846c-7a6e02d62fa5",
            "index_score": 54,
            "summary_text": "Your responses would indicate a good level of curiosity. You have an interest in external ideas and fresh perspective but sometimes have a tendency to focus on the status-quo rather than look outside for more innovative solutions. You are aware of the need for self-reflection and iteration in driving performance improvements. Making time for this sometimes can be difficult.",
            "development_text": "Are you making the most of your network to share new ideas and improvement opportunities? What new ideas have you adopted recently? How have they improved performance? Can you point to areas of your work or personal life where you actively look to iterate your performance?",
            "team_overall_text": "Team Score: Medium Headroom for Improvement",
            "team_relative_text": "Based on the team score (Medium) can you share some of your individual thinking and strenghts in this area with others? The team has headroom to improve",
            "team_overall_position": "Medium",
            "team_relative_position": "High",
            "category_name": "Curiosity"
          },
          {
            "hml_score": "Medium",
            "raw_score": 31,
            "category_id": "4113bab3-29e9-440e-8821-175ef5daf827",
            "index_score": 63,
            "summary_text": "Some of your responses suggest that the fixed mindset about how success happens encroaches upon your thinking from time to time. The pervasive view that success happens to ‘talented’ individuals or those born with a set of gifts can often be tricky to break down. However, the capacity to transform to our ability through practice given the right opportunity is the foundation of the motivation of individuals that achieve the highest performance. Fixed thinking (“I’m just not good at ...”) can be an easy to justify a performance which is below expectations. It is sometimes harder to accept that a better outcome was possible, with a little more grit and determination.",
            "development_text": "When you slip into a fixed mindset about your ability or capability for a task, what could you do to change that? Can you think an example of an instance where you have changed your ability through determined effort? Could you apply that elsewhere in your life? Can you think of the narrative that may underpin your fixed mindset and perception of potential? Is that narrative right? Are you able to idenfity and adapt fixed mindset language when you hear it?",
            "team_overall_text": "Team Score: Medium Headroom for Improvement",
            "team_relative_text": "Based on your score (Low) can you learn from others in your team. A collective approach to development in this area may also be of benefit",
            "team_overall_position": "Medium",
            "team_relative_position": "Low",
            "category_name": "Fixed Beliefs"
          },
          {
            "hml_score": "Medium",
            "raw_score": 21,
            "category_id": "ed6ce9c7-90c0-42d0-b8e3-543b1aab832b",
            "index_score": 50,
            "summary_text": "This may be an area with headroom for development. Your responses suggest that whilst, you do not ultimately shy away from difficult tasks, you may not always relish challenge as an opportunity to stretch your skill-set either. Coming out of your comfort zone in an environment that provides a safe-space to fail and facilitates high-quality practice are likely to lead to material improvements in performance.",
            "development_text": "Mindset and the desire to tackle difficult tasks can be changed if we reframe our beliefs about how success happens. Once we conceptualise successs as a journey (as oppose to comething that should come naturally) it makes sense to persevere towards achieving our goals. 1. Are there areas of your personal or work life where you do enjoy challenging yourself? What can you learn from your mindset in relation to these activities that you could apply to other tasks? 2. Do you feel that your colleagues or team provide opportunities for you to take on new challenges?3. Can you think of an activity which you currently find daunting and seek to find a strategy to practice that?",
            "team_overall_text": "Team Score: Medium Headroom for Improvement",
            "team_relative_text": "Based on your score (Low) can you learn from others in your team. A collective approach to development in this area may also be of benefit",
            "team_overall_position": "Medium",
            "team_relative_position": "Low",
            "category_name": "Growth"
          },
          {
            "hml_score": "Medium",
            "raw_score": 35,
            "category_id": "83402ef1-7e83-4915-851b-eb7e9c2ba260",
            "index_score": 62,
            "summary_text": "While it would seem that you are sometimes open to challenge and the ideas of others this is a developmental area to be mindful of. Status and reputation appear to be somewhat important to you. There may be situations where you feel that critical feedback is a threat to your reputation and expertise. It is important to maintain the ability to see such feedback as an opportunity to learn and iterate to better performance.",
            "development_text": "Do you actively seek out the opinions of others to test the gaps in your knowledge? How do respond when it becomes clear that critical feedback points to a need to change behaviour? Do you have a tendency to self-justify? If you consider that someone is less expert than you, do you still encourage them to share their ideas with you?",
            "team_overall_text": "Team Score: Medium Headroom for Improvement",
            "team_relative_text": "A collective, team approach to development in this area may also of benefit as there is some headroom to improve",
            "team_overall_position": "Medium",
            "team_relative_position": "Medium",
            "category_name": "Humility"
          },
          {
            "hml_score": "Medium",
            "raw_score": 45,
            "category_id": "6d6e7107-8cc0-4729-8e73-820191d1584f",
            "index_score": 58,
            "summary_text": "Your responses show that you have a balanced attitude to failure. You understand the need to frame failure as a learning opportunity but there can be occasions where you find that difficult. You may still shy away from asking for help because you are fearful of exposing the gaps in your knowledge. It is important to recognise instances where a potential fear of failure may be a blocker to trying something new.",
            "development_text": "In a safe environment can you practice regular 'tough conversations' where you have to hear and embrace critical feedback? If you review your recent set-backs can you see the learning opportunities? Can you build on these?Are there examples of mistakes you made and tried to self-justify? Can you be honest about what could have been done differently?",
            "team_overall_text": "Team Score: Medium Headroom for Improvement",
            "team_relative_text": "Based on your score (Low) can you learn from others in your team. A collective approach to development in this area may also be of benefit",
            "team_overall_position": "Medium",
            "team_relative_position": "Low",
            "category_name": "Resilience"
          }
        ],
        "company_strength": [
          {
            "company_category_id": "a2eae189-a498-44c0-8b9b-307523eeb6b8",
            "company_strength_answer": 7,
            "company_strength_question_id": "cd39d05d-2b78-4b23-b662-417d4e04d85b"
          },
          {
            "company_category_id": "894ed375-6ded-425c-958c-ea6bca5203a5",
            "company_strength_answer": 7,
            "company_strength_question_id": "17276861-97ba-4c1a-9885-742a9407858f"
          },
          {
            "company_category_id": "894ed375-6ded-425c-958c-ea6bca5203a5",
            "company_strength_answer": 6,
            "company_strength_question_id": "ccc6ee99-b108-4de4-a416-0dfc748b5fba"
          },
          {
            "company_category_id": "a25b0133-0c09-496f-a37e-a4b14b7b0d6c",
            "company_strength_answer": 6,
            "company_strength_question_id": "f4964e9c-74c1-40ed-a1a5-78c8e1baaf5e"
          },
          {
            "company_category_id": "894ed375-6ded-425c-958c-ea6bca5203a5",
            "company_strength_answer": 5,
            "company_strength_question_id": "9d3ff344-4897-4150-97ec-7dde174bc7eb"
          }
        ],
        "company_weakness": [
          {
            "company_category_id": "a25b0133-0c09-496f-a37e-a4b14b7b0d6c",
            "company_weakness_answer": 1,
            "company_weakness_question_id": "b64d7d76-db30-4be2-b51d-71bfb600ad0a"
          },
          {
            "company_category_id": "d22c6bcd-b602-494c-af4a-80c1cdb1d051",
            "company_weakness_answer": 1,
            "company_weakness_question_id": "e044b21f-5296-4b70-987c-33e2feb8873b"
          },
          {
            "company_category_id": "a2eae189-a498-44c0-8b9b-307523eeb6b8",
            "company_weakness_answer": 2,
            "company_weakness_question_id": "33738d1b-cc23-4828-b287-4500d66a5621"
          },
          {
            "company_category_id": "a2eae189-a498-44c0-8b9b-307523eeb6b8",
            "company_weakness_answer": 2,
            "company_weakness_question_id": "75405bfa-4a09-427e-8478-b6d4fdf5415e"
          },
          {
            "company_category_id": "d22c6bcd-b602-494c-af4a-80c1cdb1d051",
            "company_weakness_answer": 2,
            "company_weakness_question_id": "37bdf6cc-8e7f-4081-8f20-eccb3ef12dc2"
          }
        ],
        "personal_strength": [
          {
            "category_id": "fa34e5d3-5dd5-43bd-846c-7a6e02d62fa5",
            "strength_answer": 7,
            "strength_question_id": "6a0c21c3-d97c-4153-aca9-fd1b2e8995fc"
          },
          {
            "category_id": "d329cb5d-d418-4e8f-b826-9d24e36c056d",
            "strength_answer": 7,
            "strength_question_id": "379cf3c0-88d1-4f3e-af05-2ac6e6db40cf"
          },
          {
            "category_id": "77bbe06a-e270-4f4f-ab15-025498391c91",
            "strength_answer": 7,
            "strength_question_id": "41e112b6-d00c-4064-b043-d217b6d4b4d2"
          },
          {
            "category_id": "dd877173-8b19-4ef6-b9a2-008223546025",
            "strength_answer": 7,
            "strength_question_id": "8d83385e-b48c-4515-b872-df17bf6112af"
          },
          {
            "category_id": "ed6ce9c7-90c0-42d0-b8e3-543b1aab832b",
            "strength_answer": 7,
            "strength_question_id": "717d85d1-d3b8-4224-bfdd-bc583bd76636"
          }
        ],
        "personal_weakness": [
          {
            "category_id": "ed6ce9c7-90c0-42d0-b8e3-543b1aab832b",
            "weakness_answer": 1,
            "weakness_question_id": "03395044-a1a6-4705-8976-16bbceedf89b"
          },
          {
            "category_id": "1492badb-3aeb-4733-8edb-fc74bdd5615f",
            "weakness_answer": 1,
            "weakness_question_id": "0e3e97db-43ea-4020-bcd4-2579e8ffc298"
          },
          {
            "category_id": "fa34e5d3-5dd5-43bd-846c-7a6e02d62fa5",
            "weakness_answer": 1,
            "weakness_question_id": "717f3dc1-f858-4011-8021-93c7790806eb"
          },
          {
            "category_id": "4113bab3-29e9-440e-8821-175ef5daf827",
            "weakness_answer": 1,
            "weakness_question_id": "5c48b5ad-85f6-4069-98ad-b988e6bdf19b"
          },
          {
            "category_id": "fa34e5d3-5dd5-43bd-846c-7a6e02d62fa5",
            "weakness_answer": 1,
            "weakness_question_id": "d9b5d3e4-a018-48d5-97ac-3d6a6b637201"
          }
        ]
      },
      "updated_at": "2023-08-08T12:05:02.013023"
    }
  },
  "message": "Success",
  "details": "Successfully retrieved candidate personal category calculation."
}